company,contact_name,role,email,phone,domain,source_url,source_label,consent_status,verification_status,overall_score,raw_text_snippet
Darulkhairislamiccenter,,,info@darulkhairislamiccenter.com,416-423-7554,darulkhairislamiccenter.com,https://darulkhairislamiccenter.com,Public website crawl,legitimate_interest,email_verified,22.78,Darul Khair Islamic Center
Ccmic,,,info@amcia.org,403-831-6330 10,ccmic.ca,https://ccmic.ca,Public website crawl,legitimate_interest,email_verified,21.25,"Canadian Council of Masajid (Mosques) and Islamic Centres ï¿½ In the Name of Allah the Most Beneficent the Most Merciful Assalamo Alaikum (peace be with you) Canadian Council
of Masajid (Mosques) and Islamic Centres (CCMIC) What is
CCMIC? Canadian Council of Masajid (mosques) and Islamic Centres is the umbrella organiz"
Ccmic,,,info@ccmic.ca,403-831-6330 10,ccmic.ca,https://ccmic.ca,Public website crawl,legitimate_interest,email_verified,21.25,"Canadian Council of Masajid (Mosques) and Islamic Centres ï¿½ In the Name of Allah the Most Beneficent the Most Merciful Assalamo Alaikum (peace be with you) Canadian Council
of Masajid (Mosques) and Islamic Centres (CCMIC) What is
CCMIC? Canadian Council of Masajid (mosques) and Islamic Centres is the umbrella organiz"
Ccmic,,,info@jamiariyadhuljannah.com,403-831-6330 10,ccmic.ca,https://ccmic.ca,Public website crawl,legitimate_interest,email_verified,21.25,"Canadian Council of Masajid (Mosques) and Islamic Centres ï¿½ In the Name of Allah the Most Beneficent the Most Merciful Assalamo Alaikum (peace be with you) Canadian Council
of Masajid (Mosques) and Islamic Centres (CCMIC) What is
CCMIC? Canadian Council of Masajid (mosques) and Islamic Centres is the umbrella organiz"
Ccmic,,,info@sunniyat.org,403-831-6330 10,ccmic.ca,https://ccmic.ca,Public website crawl,legitimate_interest,email_verified,21.25,"Canadian Council of Masajid (Mosques) and Islamic Centres ï¿½ In the Name of Allah the Most Beneficent the Most Merciful Assalamo Alaikum (peace be with you) Canadian Council
of Masajid (Mosques) and Islamic Centres (CCMIC) What is
CCMIC? Canadian Council of Masajid (mosques) and Islamic Centres is the umbrella organiz"
Ccmic,,,soharwardy@iscc.ca,403-831-6330 10,ccmic.ca,https://ccmic.ca,Public website crawl,unknown,email_verified,21.25,"Canadian Council of Masajid (Mosques) and Islamic Centres ï¿½ In the Name of Allah the Most Beneficent the Most Merciful Assalamo Alaikum (peace be with you) Canadian Council
of Masajid (Mosques) and Islamic Centres (CCMIC) What is
CCMIC? Canadian Council of Masajid (mosques) and Islamic Centres is the umbrella organiz"
Manchester Islamic Center,,,info@miconline.org.uk,0161 434 2254,didsburymosque.org,https://didsburymosque.org,Public website crawl,legitimate_interest,email_verified,21.25,فَاذۡكُرُوۡنِىۡٓ اَذۡكُرۡكُمۡ
Didsbury Mosque,,,info@miconline.co.uk,0161 434 2254,didsburymosque.org,https://didsburymosque.org/contact-us,Public website crawl,legitimate_interest,email_verified,21.25,"271 Burton Rd, Manchester M20 2WA"
Islamic Society of Brevard County,,,isbcmelbourne@gmail.com,32901 (877) 321-4722,isbcmelbourne.org,https://www.isbcmelbourne.org,Public website crawl,unknown,email_verified,21.25,Islamic Society of Brevard County
Masjidalhikmahnewyork,,,alhikmahimci@gmail.com,+1 718 721 8881,masjidalhikmahnewyork.org,https://www.masjidalhikmahnewyork.org,Public website crawl,unknown,email_verified,21.25,Welcome
Masjidalhikmahnewyork,,,pengurus@masjidalhikmahnewyork.org,+1 718 721 8881,masjidalhikmahnewyork.org,https://www.masjidalhikmahnewyork.org,Public website crawl,unknown,email_verified,21.25,Welcome
Downtown Islamic Center of Chicago,,,contact@dicchicago.org,60604 312-939-9095,dicchicago.org,https://dicchicago.org,Public website crawl,legitimate_interest,email_verified,21.25,"Welcome to DIC! Located in the heart of downtown Chicago, we've been a pillar of faith and community since 1976. Join us for enriching Friday prayers, engaging educational classes, and vibrant community programs. Discover unity, purpose, and your spiritual home here at DIC."
Downtown Islamic Center of Chicago,,,dtislamiccenter@gmail.com,60604 312-939-9095,dicchicago.org,https://dicchicago.org,Public website crawl,unknown,email_verified,21.25,"Welcome to DIC! Located in the heart of downtown Chicago, we've been a pillar of faith and community since 1976. Join us for enriching Friday prayers, engaging educational classes, and vibrant community programs. Discover unity, purpose, and your spiritual home here at DIC."
Islamicsupremecouncil,,,contact@islamicsupremecouncil.com,1-800-561-2331,islamicsupremecouncil.com,https://www.islamicsupremecouncil.com/masajid-mosques-and-islamic-centres-in-canada,Public website crawl,legitimate_interest,email_verified,21.25,Masajid (Mosques) and Islamic Centres in Canada
Islamicsupremecouncil,,,sarniamasjid@yahoo.com,1-800-561-2331,islamicsupremecouncil.com,https://www.islamicsupremecouncil.com/masajid-mosques-and-islamic-centres-in-canada,Public website crawl,unknown,email_verified,21.25,Masajid (Mosques) and Islamic Centres in Canada
Islamicsupremecouncil,,,contact@islamicsupremecouncil.com,416-994-5467,islamicsupremecouncil.com,https://www.islamicsupremecouncil.com/about-us,Public website crawl,legitimate_interest,email_verified,21.25,About us
Islamic Community Center of Illinois,,,contact@iccicenter.org,60634 (773) 637-3755,iccicenter.org,https://iccicenter.org,Public website crawl,legitimate_interest,email_verified,21.25,12:45  PM
Alnoor Masjid,,,alnoormasjid6443@gmail.com,713) 779 1304,alnoormasjid.org,https://alnoormasjid.org,Public website crawl,unknown,email_verified,21.25,"Announcement Eid Al-Fitr Announcement Alhamdulillah, the Crescent Moon for the month of Shawwaal, 1447 Hijri was sighted in America 🇺🇸. Tomorrow, Friday, 03/20/2026 will be the 1st of Shawwal 1447 H in the USA Eid Mubarak to All ! Mufti Qamrul Hasan Qadri, Chairman RHCNA Rooyate Hilal Committee of North America (RHCNA)"
Islamic Center of America,,,info@icofa.com,00) 123-345-11,icofa.com,https://icofa.com,Public website crawl,legitimate_interest,email_verified,21.25,Service. Faith. Community.
Jame Masjid,,,info@ipcontario.com,416-844-9373,ipcontario.com,https://ipcontario.com,Public website crawl,legitimate_interest,email_verified,21.25,Jame Masjid Mississauga Stay Connected With Your Deen
Jame Masjid,,,abdullahh@ipcontario.com,416-844-9373,ipcontario.com,https://ipcontario.com,Public website crawl,unknown,email_verified,21.25,Jame Masjid Mississauga Stay Connected With Your Deen
Jame Masjid,,,funeral@ipcontario.com,416-844-9373,ipcontario.com,https://ipcontario.com,Public website crawl,unknown,email_verified,21.25,Jame Masjid Mississauga Stay Connected With Your Deen
Jame Masjid,,,hanzlah@ipcontario.com,416-844-9373,ipcontario.com,https://ipcontario.com,Public website crawl,unknown,email_verified,21.25,Jame Masjid Mississauga Stay Connected With Your Deen
Jame Masjid,,,imam@ipcontario.com,416-844-9373,ipcontario.com,https://ipcontario.com,Public website crawl,unknown,email_verified,21.25,Jame Masjid Mississauga Stay Connected With Your Deen
Jame Masjid,,,asst-secretary@ipcontario.com,416-844-9373,ipcontario.com,https://ipcontario.com/about,Public website crawl,unknown,email_verified,21.25,Islamic Propagation Center of Ontario - Jame Masjid Mississauga
Jamia Masjid Chicago,,,info@jamiamasjidchicago.com,+1 773 599 0980,jamiamasjidchicago.com,https://jamiamasjidchicago.com,Public website crawl,legitimate_interest,email_verified,21.25,"Jamia Masjid Chicago Skip to content About Us Donate Us Gallery Events Blogs Contact Us X Donate Now Build a House of Allah in Chicago Your Contribution Today Creates Generations of Worship Tomorrow “Whoever builds a masjid for Allah, Allah will build for him a house in Jannah.” — Ibn Mājah Donation Amount Choose an op"
UK Mosque/Masjid Directory,,,admin@muslimsinbritain.org,,mosques.muslimsinbritain.org,https://mosques.muslimsinbritain.org,Public website crawl,unknown,email_verified,18.92,UK Mosque/Masjid Directory
A Community Hub for Austral,,,enquiry@australcentre.org.au,,australcentre.org.au,https://australcentre.org.au,Public website crawl,unknown,email_verified,16.25,Empowering the Next Generation
icnymasjid,,,,+1 972 903 7436,icnymasjid.org,https://icnymasjid.org,Public website crawl,unknown,phone_verified,8.46,"The New Islamic Center of New York (ICNY) is a non-profit, tax-exempt organization dedicated to providing Islamic education, community programs, and religious services. Located in New York, ICNY fosters spiritual growth, cultural understanding, and social responsibility for Muslims and the broader community."
Islamic Society Greater Houston,,,,77098 (713) 524-6615,isgh.org,https://isgh.org,Public website crawl,unknown,phone_verified,7.50,Fri 15 Shawwal 1447AH 3-4-2026AD
Masjid Bilal Islamic Center,,,,323) 233-7274,masjidbilalonline.com,https://masjidbilalonline.com,Public website crawl,unknown,phone_verified,7.50,Masjid Bilal Islamic Center is a beautiful new Islamic structure and home to a historic Muslim American community with over sixty years of history in the city of Los Angeles.
Rakwa,,,,202-730-5901,news.rakwa.com,https://news.rakwa.com/contact-us,Public website crawl,unknown,phone_verified,7.50,Contact Us
Masjid Toronto Dundas & Adelaide,,,,416)-596-0507 86,centres.macnet.ca,https://centres.macnet.ca/masjidtoronto,Public website crawl,unknown,phone_verified,7.50,Ramadan
Darul Quran,,,,118267333333,darulquranhouston.org,https://darulquranhouston.org,Public website crawl,unknown,phone_verified,7.50,"Discover Darul Quran Houston – your nearby Islamic center for prayer, education, and community events. Find accurate prayer times and join us in faith."
